{
  "blob_count": 98,
  "total_area": 81032.5,
  "average_area": 826.8622448979592,
  "min_area": 101.5,
  "max_area": 20031.0,
  "area_std": 2317.921840149909,
  "average_perimeter": 308.1154742265234,
  "circularity": [
    0.2981925576539865,
    0.23030153450283564,
    0.07255727307079173,
    0.06457089827429636,
    0.26168449730977433,
    0.0606570690112988,
    0.029792623389256586,
    0.08604929803757855,
    0.22206562061821403,
    0.20924360306965845,
    0.30784826039917995,
    0.01582290822897455,
    0.09753256274802034,
    0.09524096766909375,
    0.07295518722430079,
    0.11253512247748525,
    0.06117391464602543,
    0.10230557522256149,
    0.1096923915089156,
    0.04747163524962203,
    0.10159881641507353,
    0.06777391856764625,
    0.6194764102304284,
    0.22675200761950706,
    0.01636904142108144,
    0.18422861552973976,
    0.060730946922204855,
    0.15186886630977867,
    0.2151572141449461,
    0.03436843122038276,
    0.11892276252426776,
    0.16061881189017474,
    0.2175047067897478,
    0.1927644247693212,
    0.19567724500408887,
    0.10204968233186078,
    0.10378471835958016,
    0.4934530833145466,
    0.06812714773740673,
    0.14747230187100302,
    0.15934429599632,
    0.08725538628280903,
    0.2634009062846123,
    0.10039871461415797,
    0.06718881479929854,
    0.07725366806018008,
    0.06435644561526634,
    0.09513383688651024,
    0.11981692183806127,
    0.05390252678614312,
    0.1187551125951868,
    0.28951448361852283,
    0.200706223152534,
    0.05288021859940796,
    0.1482093755553262,
    0.12216474640529001,
    0.11651081408366286,
    0.05196107106388526,
    0.039350121821378155,
    0.08831710475558648,
    0.13060328161534043,
    0.057680650654726606,
    0.14987349526924287,
    0.12489391712335063,
    0.06696179227383697,
    0.4075144646147207,
    0.643043339373391,
    0.31078881906885036,
    0.06589564015290247,
    0.23793878327432968,
    0.28092711382823676,
    0.23793302444000683,
    0.1824708983305934,
    0.027005505854829248,
    0.1432945747779458,
    0.06848576107325757,
    0.07422646494905408,
    0.1027309539564211,
    0.18472254271355962,
    0.21995708511119696,
    0.07056449732945032,
    0.08915619085625093,
    0.28825280669860825,
    0.12680547046403742,
    0.22152968167286005,
    0.08633611127921309,
    0.05240375183657212,
    0.49892028876142425,
    0.09565695951828186,
    0.3425569904564279,
    0.02388762554080778,
    0.06396364076205767,
    0.014517257891158238,
    0.1018371159030573,
    0.1421290381178312,
    0.06541218528036892,
    0.10293821233269398,
    0.13732207578824832
  ],
  "average_circularity": 0.14891787194942796
}